sku_key,cluster
35990,6
9942,4
23968,6
9895,2
51703,2
24202,6
9751,4
23967,9
44055,4
51701,2
38660,6
9569,6
9564,4
9558,5
52422,5
38676,8
44116,7
51791,4
38719,7
52589,2
23939,2
10229,4
10189,2
23943,6
43749,2
9986,2
10162,2
10083,6
51793,4
10081,6
43789,2
51792,7
38720,7
10085,4
9514,1
9488,6
9478,2
7301,6
7300,7
7299,7
7298,6
26009,2
7295,6
7303,6
7294,7
45902,6
7289,6
26116,6
35906,6
51372,4
7200,2
7291,6
7376,7
25946,6
45436,7
38254,4
51568,4
9002,4
24899,9
38097,6
37123,4
51567,4
8383,4
51566,6
7796,4
25298,6
7770,4
25366,7
45266,8
7586,7
10252,2
7197,4
10377,6
23849,6
39790,9
20288,6
41562,6
15847,6
39789,8
20722,2
16824,9
39788,7
41569,4
52167,4
41699,2
20838,6
41786,7
20839,7
39584,6
20840,6
41474,4
41245,6
19458,7
19627,6
40582,2
18178,4
52614,2
19628,6
39819,2
19629,7
17355,6
52200,2
17167,2
40104,7
39857,4
16902,4
40352,2
15464,7
52132,2
20841,6
51944,6
29425,7
11686,8
38758,7
42546,2
11390,6
38760,7
23488,4
38727,7
23591,7
10868,6
23842,2
23843,2
43040,6
42656,4
23275,7
38785,7
12080,8
41835,4
20913,6
20995,8
39402,4
39401,2
39384,6
41881,2
22253,8
52131,4
42213,4
42258,4
12504,4
38789,6
22787,7
22955,8
51822,2
46433,8
19162,6
7181,4
28901,4
5491,8
50900,4
28907,2
28908,6
4508,8
4507,8
4506,8
4505,8
33383,2
49443,6
28912,6
33230,6
49447,7
2806,8
28900,4
49448,4
49067,9
48906,8
48752,7
48753,8
48754,6
50958,2
48818,4
50957,2
34768,7
50956,4
51366,4
48848,6
48854,7
34754,7
5801,2
28804,7
34726,6
28877,4
48751,8
33043,5
49491,6
920,7
50605,9
28970,7
29911,7
28990,7
50114,6
50115,6
586,4
50124,8
50133,3
50335,2
182,6
50337,7
29857,1
50409,2
938,4
28930,6
30080,2
49960,3
32503,4
32334,7
28944,6
31225,6
28955,6
49502,4
49527,4
50837,2
28957,7
30741,4
49810,2
1775,4
50690,4
49930,4
50606,8
30081,4
48750,7
34759,4
28576,4
35801,8
48271,4
6217,7
35800,9
6218,4
47593,9
6889,2
28182,4
27569,4
35802,7
35217,4
35798,7
35237,4
27819,6
35796,6
50990,7
35674,7
27820,7
35356,6
28748,4
50989,8
51127,4
35676,6
35155,7
35795,7
48748,7
28747,6
47412,9
47413,9
28736,4
48688,6
35804,8
34839,4
7179,6
47487,2
48676,9
7178,6
35018,7
48541,8
6845,9
7177,6
48355,7
48354,7
48353,4
48673,1
35666,4
52463,2
28964,7
38721,6
20290,6
40444,4
27246,4
35873,4
35943,4
29858,5
29859,4
20713,7
40171,6
26067,4
36292,4
20206,4
40445,4
39800,4
28966,7
26081,4
39570,4
25133,6
36768,4
34418,6
34556,4
38726,6
24265,2
28577,6
35094,4
28906,4
23850,6
24180,6
23940,4
28762,4
38690,6
34770,6
23945,6
23875,2
23304,2
23297,4
35215,2
36819,6
35677,6
52429,2
35675,7
32532,4
21823,2
39139,2
28184,4
28915,4
28414,4
35239,6
28910,2
38253,4
23112,4
24452,4
35794,7
28,4
51910,2
40577,1
46071,3
7205,2
46274,2
7198,4
46540,7
51362,2
7288,7
46783,2
47119,7
47192,7
47364,7
47411,7
51064,6
47795,2
46997,7
7292,6
7293,7
7296,6
9565,4
9557,7
44314,7
9406,6
44315,2
8999,6
44662,8
44663,7
44893,7
51565,6
44972,5
45720,6
7406,7
7302,6
7297,4
48144,6
9732,4
50976,3
50969,2
49470,2
2423,2
49498,2
2420,6
49501,2
49621,6
2443,4
1819,4
50081,4
50090,7
50101,2
50116,4
50575,2
100,6
50015,7
49444,4
3577,4
3830,4
48742,7
48819,4
48833,4
48842,4
50955,2
48860,2
50953,4
49053,4
49084,2
49167,7
49267,7
49334,4
49397,2
4491,5
50856,2
48283,2
51702,2
7375,6
43966,2
42456,4
51984,4
42429,2
42264,2
42024,4
51705,2
41847,6
41843,4
41842,1
41836,6
15447,6
15451,6
15722,2
15751,4
41563,6
16504,2
41561,4
52168,6
41288,6
52198,2
17553,4
40581,4
18739,6
42471,6
11511,2
29619,4
43746,2
42999,4
43907,2
43787,2
43921,8
10843,4
43744,2
43911,2
43718,4
43930,7
11053,4
41565,1
49343,4
39410,4
52189,4
43747,2
33381,4
43784,2
52166,4
50936,4
49454,6
52169,4
41573,4
42475,6
39821,2
32087,4
51669,2
40380,2
52233,4
50091,4
40605,1
50082,2
38658,4
40177,2
49908,4
30582,4
40698,4
31083,6
52192,2
41244,6
31314,6
31437,4
41793,4
49496,4
41794,4
43722,4
42574,2
42268,2
51072,1
51086,7
47731,4
47578,6
38787,4
42995,2
42438,4
38769,8
46994,4
46894,2
38767,7
51220,2
51358,2
38761,4
42993,2
42458,2
35662,4
43738,2
35502,2
50996,4
37121,4
45433,4
48749,6
48747,4
39400,4
48717,4
48684,6
48671,6
35071,4
48493,4
43570,7
41877,4
45891,6
48157,1
52234,2
48125,4
47910,6
47799,2
41924,2
50573,2
6871,2
28580,6
28579,7
28461,4
6524,2
6614,4
28183,6
28180,4
27901,2
27683,4
27250,4
7204,4
9404,4
5899,2
9980,2
24209,2
10231,4
10782,4
11685,6
21552,4
20836,8
20782,4
15444,7
20286,2
15677,4
16825,7
17661,2
24406,2
28946,4
18907,4
1652,2
7472,7
45417,2
7759,2
7769,6
44895,6
9405,2
9862,4
38251,4
9989,4
52423,2
50086,6
10063,4
50113,6
52421,4
28965,4
23952,4
51824,2
45875,2
28967,6
36291,4
46097,2
47770,2
35654,2
47764,6
51089,2
47694,6
35793,6
28173,2
49922,4
18275,2
35797,7
49961,3
47123,2
27186,4
46993,2
51352,2
49564,4
7195,4
50005,4
35527,5
1960,8
42994,7
50336,4
41567,4
39901,2
16513,2
52185,1
52339,2
41480,5
19632,4
16826,8
40349,2
17166,2
40353,4
40699,6
19541,4
40649,4
19301,6
40585,7
50316,4
10869,6
15672,2
39787,4
51851,4
38768,7
42578,2
42476,4
585,4
42473,4
42457,2
11865,4
39138,2
22115,7
11920,2
12330,2
50118,2
29382,2
42214,4
12725,6
41838,6
41788,4
23487,6
46542,7
29618,4
49567,4
34763,2
52484,2
28669,4
50959,6
48846,6
34769,6
35017,4
48257,4
1822,4
32536,4
48672,6
6106,4
48265,2
6141,2
33495,2
49054,2
48418,2
34874,2
48853,4
48263,2
32499,6
6557,2
5933,4
49504,4
49503,4
34419,4
48843,4
31084,6
48845,1
49505,2
48844,4
28799,7
28462,2
47904,2
47916,4
50992,7
50987,8
47900,2
34627,6
5943,2
28956,6
32336,4
6513,4
48840,6
49565,2
48851,2
42025,4
51987,4
51983,2
42267,1
42272,2
50117,6
50299,2
42273,1
52054,4
12631,4
5788,2
41700,2
50947,6
50466,3
40637,4
2422,2
17342,4
50852,2
4113,6
49419,6
49400,6
16827,6
49359,2
41386,2
34,4
4727,4
52188,2
4728,6
52183,4
52182,2
49330,6
15773,2
49260,4
50903,4
41571,4
52958,6
41701,2
52165,4
50904,2
48894,2
15510,4
41795,4
15450,4
11864,8
50998,6
48841,4
45892,2
50977,6
46114,2
7199,4
7196,4
51353,2
46865,2
46977,2
48248,7
46996,6
48246,2
48145,4
47188,4
52843,4
52845,4
49926,2
6810,7
47561,4
47570,2
51107,2
1651,2
6784,6
49872,2
47689,2
47700,6
50993,8
52856,4
7377,4
42468,6
45872,2
6112,2
5930,4
48815,4
5934,4
5937,6
43044,4
43052,2
6034,2
10781,4
10774,2
43710,4
10165,2
43765,2
6096,2
6107,2
815,2
29617,4
50961,2
6111,2
51668,4
44144,4
9477,2
48483,1
50080,4
8384,6
7816,6
44973,4
45190,2
7463,6
48687,2
38791,7
27252,2
30366,4
36689,2
28935,6
52613,4
40068,2
40066,2
38679,8
24403,4
35658,2
32501,3
28181,3
31365,4
35799,6
37636,2
27508,4
52428,2
32132,4
25107,4
52462,2
27017,2
39831,2
35908,4
35939,4
25951,6
35940,4
26007,4
36766,2
28502,4
23965,6
35389,2
28781,4
34732,2
40355,2
38790,6
30104,4
20187,4
28740,2
52236,2
34291,4
52506,6
52391,2
52612,2
28911,2
34909,4
34944,2
40264,2
18908,2
30365,4
28909,4
28905,4
49538,4
42455,6
25952,4
51986,6
45491,2
1379,2
44091,2
9716,2
23113,2
50725,4
50083,4
23149,2
42880,2
10228,2
10907,4
43069,2
50571,2
31513,2
9965,2
51373,4
48153,3
48156,2
6161,2
6128,4
34838,4
48494,2
48128,2
5736,4
48896,4
34757,2
52914,2
52509,4
48847,4
28913,2
5787,2
2421,2
6476,2
35477,4
36190,6
35941,2
46544,7
3145,4
47000,7
52839,4
35238,4
808,4
28939,4
28179,4
47592,4
28296,2
51081,2
49268,6
4447,2
12397,2
50954,4
41798,7
41570,4
41796,7
28974,4
29626,4
40706,4
20714,2
29380,4
523,4
41731,2
50136,6
10783,2
16739,2
527,4
41698,1
41493,1
10080,6
46546,4
48647,2
48643,2
42470,4
11785,4
35214,2
43724,6
36408,2
52053,2
8454,7
6809,4
47765,6
31438,4
20285,2
48850,4
28938,4
39791,4
19631,2
26006,4
49402,2
41472,2
7290,6
34963,2
41568,2
5790,2
5779,2
50854,2
52848,2
51384,2
15676,2
35887,2
15678,2
6487,2
19225,2
28883,4
34734,3
41799,6
5901,4
51083,7
13774,4
5932,4
30085,4
47777,4
31367,4
47771,2
34945,2
47707,2
48275,7
50986,8
50135,6
47690,2
46068,2
49269,2
40170,4
45805,2
5925,2
34825,2
39753,2
41648,6
11786,2
50944,7
43064,2
21448,6
51364,2
30082,4
43717,2
34753,1
35478,2
44143,2
52912,4
46069,2
52187,1
50576,4
34762,2
51122,6
38737,7
47574,7
28963,6
46547,7
41703,2
2166,2
48868,4
48865,4
24262,2
43686,2
40173,2
50321,2
36607,2
51084,2
49331,2
6678,2
35657,2
52961,8
51129,4
45175,4
42462,4
40586,7
32502,4
35531,4
50085,6
49537,7
51078,2
35603,2
40692,4
39756,2
40354,2
47415,6
35942,2
48654,2
48656,2
52514,2
51816,2
43927,2
40942,2
51787,4
51367,4
35706,2
50410,2
6477,1
52910,1
47565,2
41186,4
48890,2
50006,4
7000,2
20207,2
41702,3
39826,2
4606,2
47228,6
46974,2
47187,2
49483,2
46070,2
47244,4
26823,8
49477,2
49445,4
29855,2
48417,2
521,2
48496,2
10325,2
43719,2
48497,2
49933,2
15446,7
41849,4
52350,2
12726,1
22753,2
40694,2
33044,2
39392,2
810,2
23256,4
24453,2
10230,2
48166,2
50300,4
20287,2
51517,2
25640,2
8984,2
44145,2
41523,4
52512,7
44079,2
44100,2
52123,4
47978,2
50991,8
32535,2
49612,2
44076,2
52191,2
41572,2
52960,8
52894,4
40693,2
48670,2
47196,2
52913,2
52199,2
47905,4
50901,4
50962,2
50577,2
41839,2
44977,2
46900,2
15445,4
44092,2
52821,2
36769,2
31937,2
41787,2
23960,4
51982,2
5942,2
51093,4
44051,2
49620,2
23049,2
52586,4
52585,2
47569,2
45804,2
47229,4
51659,2
6890,2
50329,2
39762,6
47590,2
52900,2
42459,2
34292,2
11087,2
50898,1
27247,2
39754,2
10061,2
15675,2
52962,7
50587,2
47194,1
52205,2
46984,4
15623,6
20780,4
29620,4
28950,4
39772,4
43793,2
28780,6
21441,2
6099,2
48595,2
50418,2
33384,4
52588,4
46998,7
51082,4
43910,4
30708,2
35661,2
41576,2
47562,2
41811,2
47585,6
49373,2
28735,2
52418,2
52580,4
44660,6
48746,2
42581,2
152,2
51710,2
15160,4
47581,4
40019,2
47587,4
53041,2
46919,2
47222,4
47576,4
48835,2
50937,3
47586,6
20837,8
51108,2
25955,2
51383,6
47486,2
52130,2
49662,1
9988,2
42734,1
23257,2
52964,2
30364,2
50425,2
49165,2
50141,2
49398,2
47912,2
39397,4
36770,2
51861,2
12249,2
51980,4
16969,2
51096,2
47903,4
44073,2
49246,6
47754,4
47141,2
10082,2
49854,4
46918,2
44296,2
47236,4
43909,4
43712,4
48237,6
9528,2
23549,4
40446,2
34508,4
52806,2
35154,4
5929,2
52510,2
16878,2
43527,1
9752,2
50417,2
51128,4
48852,2
7180,2
47488,2
47696,5
35511,2
52875,2
51053,2
34735,2
28463,2
42608,2
35216,2
48892,2
38252,2
47800,2
44552,4
52126,2
52837,2
51509,2
41575,6
2444,2
39770,6
50855,2
41524,2
52534,2
7772,4
52133,2
41792,6
52847,2
50087,2
39398,2
47575,5
52486,2
52834,4
50416,2
52833,2
31493,4
52345,2
34689,2
53025,2
44981,2
49283,2
50921,2
52911,1
35501,3
50224,2
11475,2
48234,4
52828,4
53023,2
25573,1
44114,6
48861,2
42269,2
39399,4
31515,2
52495,3
38095,6
1134,4
52800,2
49566,4
49088,2
35192,4
30211,2
10169,2
49988,2
15713,2
49847,1
2441,4
49079,2
28962,6
47245,2
41957,4
48740,2
47749,3
35872,2
48505,2
52591,2
52490,2
42463,7
45973,2
39852,4
47774,2
51365,2
325,4
48639,2
52497,2
52827,2
52542,2
52533,2
50825,7
23514,4
1820,4
5941,2
31581,4
46203,2
5728,6
48724,2
40555,2
46090,4
50820,2
51790,4
11914,2
49909,2
41564,6
47693,4
50849,2
7730,2
47909,4
39404,2
49971,3
25005,2
51679,4
51832,4
20198,2
16562,2
50988,7
52690,4
51391,2
6102,2
38722,4
35698,4
52686,3
10076,2
51392,2
18179,4
44138,2
52691,2
50982,2
43716,2
43725,2
40269,2
47127,2
47571,2
2440,6
51794,4
52869,4
42392,2
50985,9
50121,2
49311,2
48445,3
50319,2
42422,2
43731,2
52836,4
50239,2
29854,2
50994,8
53325,7
2188,2
52857,2
49526,2
51395,2
52672,2
49284,2
53347,4
50469,7
52688,2
42418,2
52531,2
9746,2
52587,2
47691,7
43675,2
52854,2
6748,2
588,2
52704,4
52615,2
32481,2
40105,2
44067,2
49399,2
52665,4
49357,2
48079,2
51094,2
36765,4
17173,2
53317,2
36851,2
52699,6
42998,2
52539,2
53321,4
41373,2
52670,3
42280,2
45534,4
52696,4
52698,2
48866,2
52675,3
24779,2
41566,4
41070,1
44333,2
48738,3
50467,6
42161,2
48663,1
51126,6
35886,2
53228,6
41706,3
48236,4
10411,2
41734,3
28942,2
2934,1
51143,2
51146,2
36820,2
51859,2
53231,2
40544,4
48661,1
28388,2
47741,4
52476,2
53313,2
51924,2
6886,2
47692,8
51680,2
43683,2
51711,6
53329,2
20189,2
53331,2
42148,2
1378,2
22124,4
52667,2
14928,2
52694,3
52700,1
6892,2
52679,4
49356,2
6888,2
40584,2
51109,2
17963,2
13099,3
6891,2
53334,2
6319,2
6157,4
51613,2
23876,2
33931,6
6146,4
53003,2
40017,2
44056,2
46976,2
51356,2
36852,2
53434,6
52916,1
51704,2
53007,4
53014,2
28266,2
52671,1
45711,4
53447,3
53330,2
34953,2
51374,4
52479,2
50624,2
52729,2
53437,4
28553,2
52705,2
52868,2
52367,4
52918,7
53449,2
49082,2
52368,2
42395,2
41483,4
43727,4
52674,4
6887,2
985,2
53579,6
53230,2
9896,2
17660,4
44048,2
52981,2
49107,2
51354,2
52882,2
53332,2
11389,2
42444,4
49085,2
6861,2
53308,2
51908,2
53532,4
50574,2
52505,2
53528,4
52883,4
44049,2
2671,2
53654,2
50896,8
53115,2
53324,6
53657,2
53450,4
6303,2
51379,2
53682,2
53252,8
53267,2
40583,4
42169,2
5951,4
53673,2
53013,2
51692,2
53603,6
53681,2
52503,2
53265,4
53264,4
53012,2
52988,4
53636,2
53266,2
43750,4
28722,2
52844,2
48834,2
49576,2
51658,4
52365,2
6912,2
53496,4
53495,2
53786,2
47135,4
53327,2
49070,4
53498,6
51936,2
47816,2
53684,2
48255,2
6271,2
46092,3
53848,2
41834,6
46914,2
53937,2
51929,2
9784,2
52989,4
36872,2
53936,2
53847,2
53602,2
40955,2
53853,2
48164,2
53952,4
53785,2
46982,2
51363,2
50948,2
6924,2
53940,2
43714,2
52732,2
53948,2
48142,3
44898,2
53824,2
53830,6
40433,2
53466,2
51203,2
52499,2
53471,4
52923,2
46729,2
28928,4
49516,2
53831,2
6908,2
46474,2
53465,4
47819,2
53784,2
48889,2
49069,2
53455,7
53819,2
53953,2
53808,2
53811,2
42250,2
42259,2
53256,2
49489,4
52279,4
51208,2
53728,2
53569,2
6654,2
9594,2
740,2
48235,4
54311,6
54314,6
46469,2
53040,6
52709,7
54305,4
52498,2
54096,2
54316,2
54094,2
52266,2
53840,2
53841,4
54303,4
42447,2
9948,4
52819,8
53815,2
54200,7
54425,2
49575,2
53417,4
54310,2
23279,2
54238,4
47697,4
6914,2
54203,7
1290,2
52280,2
52507,4
54202,7
54118,4
54532,4
54308,4
53011,2
53404,2
43925,2
53243,2
54205,7
54509,7
54201,4
54117,2
52884,2
53874,4
47001,4
53803,2
42435,2
53909,2
47410,8
54107,2
44026,2
46472,2
53333,2
52716,7
54309,2
54495,6
54498,4
37176,2
50098,2
54295,2
42555,4
52540,2
53945,2
50131,4
53769,2
53780,2
43221,2
54497,6
50980,2
42962,6
44938,2
54313,2
53818,2
54788,4
47752,4
46728,2
54774,4
53326,2
6686,6
46720,2
53580,2
48285,2
51206,2
54785,2
54790,2
54781,4
38739,1
42428,2
54494,2
54872,2
52815,6
44068,2
54772,2
40106,4
53260,2
55030,2
41789,2
53311,2
54854,2
51900,4
53019,2
52885,2
53973,2
45807,2
48886,4
55031,4
55070,4
41704,2
53619,2
54115,4
46730,2
34964,2
47737,4
53962,4
47736,2
55121,4
55065,2
54777,2
55118,4
54860,2
6031,4
53925,2
46726,2
15679,2
54617,4
53810,2
55261,2
44317,9
53959,7
55253,4
50585,2
53957,4
55124,2
44060,2
55060,2
55130,7
1808,2
48760,2
53617,2
55263,4
53956,6
55136,4
54697,2
55129,2
53004,2
55120,6
55116,4
55006,2
53960,7
55257,4
53618,2
53963,2
55251,2
54998,8
53614,2
49476,2
55119,2
54496,4
1259,2
53022,6
53609,2
55196,2
53615,2
54982,5
51895,2
45030,2
54997,2
52682,2
45806,2
53178,2
55138,2
51771,2
55559,4
41408,2
55085,2
53955,6
52680,2
11757,2
55285,2
46770,2
28844,2
5896,4
53010,2
53965,2
55493,4
55170,2
55167,9
55563,4
55287,2
55248,2
53521,2
55168,2
55447,2
55432,6
53964,2
53899,2
55560,4
54299,2
55177,3
49578,4
55182,2
55589,4
52985,4
55288,2
55435,4
55086,2
54704,2
55286,2
55179,2
55561,2
41527,2
55262,2
55575,4
55335,4
55334,2
52535,2
54698,2
55115,4
55543,7
53259,2
55180,3
55480,2
54669,2
55595,4
55599,2
55322,2
35681,6
48071,3
53520,2
55562,2
55541,2
55609,2
54044,2
55090,2
55614,2
52805,2
55544,2
55610,2
55282,4
55558,2
55552,2
55448,2
55332,4
55968,4
56002,2
55966,7
55453,4
55930,4
55169,2
54835,2
55439,1
48067,3
55978,7
40543,2
54673,2
48064,3
48888,2
53519,2
55861,4
54612,2
55199,5
55925,2
55796,3
55967,4
55992,4
52859,2
54853,2
55827,4
53472,4
41697,2
48518,2
55993,2
53316,2
48143,4
29568,2
55882,2
55149,6
55831,2
55198,4
50100,2
55152,6
55979,6
55783,2
54030,2
52634,2
49945,2
55352,2
48857,2
54643,2
53560,3
47767,4
54991,2
55847,2
55983,2
47753,2
55788,2
53561,2
54703,4
55150,2
47763,4
56303,6
54830,2
54366,2
16500,2
54820,2
52666,2
55781,2
55793,2
54331,2
54996,2
55797,4
48884,2
55779,2
55151,4
47766,6
47768,4
38634,2
55350,2
44052,2
54516,2
56022,2
54821,1
48685,2
54819,4
46027,2
55908,2
42474,4
55459,7
55778,2
44214,2
52816,4
47762,2
41743,4
54280,2
56428,2
41553,4
56425,2
54377,8
55190,3
56424,2
55780,2
53507,4
55346,3
54378,7
5950,4
55996,6
5242,2
55795,2
55785,2
54031,2
41552,4
55154,2
54290,7
56352,2
54826,2
54289,6
56538,6
54362,6
54292,7
5784,4
54379,4
45032,2
54359,4
56421,2
55419,2
54608,6
54607,4
44115,4
54419,2
54287,7
55540,2
54453,4
56554,4
55331,3
54455,7
5893,2
54402,6
54334,2
55914,7
54604,2
54447,4
55627,2
54770,7
54469,4
54467,7
54446,4
54404,6
54291,7
54445,4
54322,2
54442,9
54288,7
41549,4
54401,6
52692,2
54551,2
54606,2
56556,2
55194,4
56588,2
53744,4
56053,2
55441,4
56591,1
54451,6
54346,2
54603,4
53790,4
54556,6
54471,6
56288,2
55498,2
53567,2
54554,2
47818,2
56294,6
55868,7
54555,4
48126,6
55076,4
806,2
56432,2
56623,3
54403,4
56429,2
54468,6
55193,2
56615,2
54605,2
53795,1
56589,4
50112,6
54609,2
55225,4
56435,6
54474,7
54561,2
55624,2
5936,2
54448,4
54368,2
53789,4
55233,2
54423,4
56529,2
54454,3
36047,4
55226,6
54779,2
42353,2
53794,2
54428,4
54037,2
54477,6
54376,2
54443,6
54483,2
49401,4
54450,4
54476,6
54705,2
55195,2
54458,7
54435,4
54432,4
54456,6
54581,2
55481,2
44732,4
54460,4
54341,2
54481,4
49623,2
53461,2
54441,6
54335,4
54687,2
54934,7
54424,4
56289,2
53599,4
54358,2
54933,7
55110,2
56426,2
54602,2
54482,2
5921,2
47796,2
54415,7
49335,6
54765,2
56642,4
56413,2
56498,4
55617,2
56040,2
53798,2
56528,2
54389,4
52874,7
32750,2
41526,4
49473,2
56448,4
54444,2
54396,2
54410,7
56748,4
56430,2
55573,7
56663,4
54408,7
54430,2
55376,4
55499,2
53796,2
54533,3
56095,2
56285,7
56667,6
56747,6
55920,8
54427,2
43959,2
56418,2
53797,2
42451,2
54557,2
56462,4
54457,4
54414,7
42997,2
56449,6
47589,2
54383,2
8485,2
56284,4
54459,4
47702,2
54470,2
54461,1
53271,2
56338,4
54375,2
53601,2
56358,2
54832,6
40927,4
5731,4
54834,6
56446,2
44047,2
5900,2
56745,4
56437,2
56744,4
54413,4
56309,2
53809,2
55913,7
54831,6
55107,2
56081,2
54417,4
55218,2
55602,2
54436,4
55603,2
54440,4
55841,2
54054,4
55608,2
54387,2
55216,3
54409,2
56773,6
56339,2
56620,2
54753,6
54395,4
55876,6
56438,2
54390,2
53791,2
55877,6
54431,6
55373,4
41475,2
56872,2
56835,7
54437,4
55866,7
54411,2
54392,4
54426,4
42464,2
54405,1
55579,1
56359,2
53816,2
54406,4
55228,2
56950,2
55739,7
42469,2
54848,2
40926,4
56776,2
56829,6
54754,2
54844,2
55054,2
54841,2
54097,2
56365,2
56536,7
56665,2
55625,2
56537,6
55743,4
56312,2
56310,2
56124,7
54757,2
53537,2
55631,2
56839,2
53792,2
56924,2
56311,2
55188,4
41481,2
49166,2
54420,2
56646,4
56349,2
47902,2
53536,2
55274,2
56501,2
34834,4
57000,4
55192,1
55741,1
56539,6
56985,2
45972,2
56557,2
34836,4
55740,1
56447,4
55745,2
55766,6
56897,2
55742,4
54372,2
54394,2
55791,2
55271,2
56953,2
56947,2
56895,2
57009,6
53879,2
55487,2
54416,2
57007,4
48256,2
56838,4
56004,2
52817,2
53793,2
54594,2
55635,2
56789,4
56453,2
38643,2
56991,6
56894,2
55787,2
55490,2
55139,2
46916,2
56990,7
54597,2
54595,4
57002,4
54342,2
56997,6
56994,4
52830,2
56840,4
53813,2
54418,4
55794,2
56792,4
56411,2
57005,4
56949,2
55637,2
55580,4
56561,2
55583,2
57062,2
48827,2
57066,2
57065,2
57063,4
5729,2
53753,3
55789,2
45722,4
56602,4
55586,2
57064,2
56774,2
56673,2
55582,2
57037,2
57152,4
56955,2
56837,3
57061,2
56942,2
55597,2
54370,2
54822,2
55587,2
57057,4
55581,2
51844,2
56505,2
55276,2
56992,4
55273,3
54756,4
55991,4
56790,2
56259,4
56290,4
54434,2
57146,4
57147,4
56464,2
57166,2
57149,4
56260,4
49851,2
27825,2
50572,2
57096,2
57004,4
57001,2
50084,2
54512,2
56412,2
56952,2
52879,6
56345,2
57151,4
55703,6
57163,2
52081,2
57056,2
56604,2
56596,2
55756,4
56344,2
55184,2
56410,2
50857,2
55746,7
55369,2
52693,2
55749,6
55751,4
55747,4
55774,4
52685,2
55755,4
55754,4
55748,6
55765,6
34835,3
56618,2
57170,2
55753,4
55758,6
55763,2
57156,2
55768,4
55767,2
48254,2
55750,2
55762,2
35090,2
55744,2
57219,2
55776,2
55772,2
55759,2
56945,2
55491,2
55777,4
56443,2
55775,4
54928,1
55865,7
55752,2
55023,6
54927,2
56301,2
54923,4
57006,2
55770,2
55570,6
54920,2
56634,2
55020,7
55571,4
56451,2
54954,2
54924,2
54926,2
56678,7
56679,2
55028,2
55021,4
54962,2
55760,2
55771,2
55569,2
57298,1
52611,2
57275,2
56287,2
57241,2
57270,2
57237,4
57327,2
57234,2
57222,2
57299,4
57238,2
57250,2
57277,2
57282,4
56298,2
57301,2
57224,2
56553,2
54919,2
57290,2
57249,2
57278,4
57069,7
57317,2
57306,2
55022,2
57246,2
57316,2
56050,3
57318,4
57291,2
57230,2
57199,2
57211,2
57223,2
54717,2
55981,2
57195,2
57067,2
55027,3
57247,2
57197,2
56871,2
56906,7
57361,4
56861,2
57307,2
57328,2
57252,2
57358,2
56299,2
57321,2
57419,6
57248,2
57416,3
56746,4
56054,2
57422,6
57302,2
57265,2
55578,4
57415,2
57324,2
54950,2
53908,2
56896,4
57300,2
57231,3
55577,6
56778,7
57455,2
57421,4
56780,4
56779,4
56900,2
53958,4
56786,4
57210,2
56787,2
56799,2
57097,2
56781,2
56057,2
56782,4
53997,2
56797,2
53984,2
40928,2
57191,2
57396,4
57459,2
57132,4
57389,2
52860,2
57208,2
56798,2
57555,4
56993,2
57489,2
48495,2
55026,2
57135,2
57293,2
51840,8
57545,2
57513,2
42437,2
57511,2
57649,7
57544,7
23966,6
57133,2
57157,2
57653,6
57218,6
57003,2
57647,4
57487,3
57743,2
57512,2
57744,2
57680,2
54000,2
57658,2
57652,2
56989,4
57682,2
57148,2
57613,2
57602,4
55078,3
57767,6
57331,2
57379,2
57537,4
55077,3
57768,2
57766,4
57531,2
56593,2
57777,2
57674,2
32537,2
57599,6
57553,4
57769,2
55556,2
57752,6
57843,2
57754,2
57770,2
29301,2
57991,8
58033,2
57380,2
58094,2
57183,7
57488,3
57639,4
58258,4
57778,2
58104,4
56469,2
57896,4
58260,2
58117,2
57898,4
57186,4
57886,7
57902,4
57888,6
54545,2
57894,4
57775,2
58112,4
57196,2
58200,2
58392,2
57521,2
58027,2
58397,2
58193,2
58101,2
56996,2
58191,2
57892,4
57900,2
53999,2
58102,2
58382,2
58387,2
58396,2
57747,2
57370,7
57495,4
58579,4
58581,4
58595,4
57496,7
58253,2
58395,2
57187,8
58702,6
57441,2
58451,8
58427,7
58474,6
58697,2
58695,7
58673,4
54339,2
57440,4
57833,2
58672,6
58256,2
57439,7
58526,2
57158,6
57742,7
57837,2
58471,4
57542,4
58701,2
57160,6
57159,6
57363,2
56107,2
54452,2
58698,2
58892,6
52870,2
57185,6
54842,4
58993,8
54838,6
54538,2
52224,2
54847,4
57573,2
58655,2
57928,7
57541,2
57543,2
57993,2
57677,2
57681,4
58941,4
58992,7
58453,2
58476,4
54843,2
54839,2
58519,2
57664,6
58921,4
57842,2
58379,2
58926,2
58946,2
58927,2
57606,6
58623,6
58204,2
57610,2
58206,2
58918,4
7232,2
57182,6
58626,4
58541,2
58937,2
59127,4
58934,4
59036,2
58242,2
58632,4
58205,2
58230,2
58666,4
57184,7
57608,4
59417,2
59162,2
59187,2
57661,2
58207,4
58202,2
59175,2
58944,2
59126,2
47130,2
59178,2
59416,2
59155,4
59393,2
57609,2
59359,4
57571,4
59260,2
59284,3
58259,2
57607,2
59391,6
59415,2
57584,4
57917,2
57437,4
59378,4
59355,2
58764,2
57791,4
57591,2
57588,4
59392,2
58810,2
59357,2
58665,5
59346,1
59471,2
59352,2
59350,2
59353,2
57587,2
59375,2
59472,2
57739,7
57738,7
58725,4
58726,2
58943,2
57614,4
57959,7
59418,2
57972,4
59469,4
59519,6
59362,2
59470,2
58211,2
58716,4
59348,2
59602,2
58715,2
59345,2
59698,2
59363,2
59661,7
59687,2
59468,4
59514,2
56496,2
58720,2
59691,2
59511,2
59467,3
59264,2
59658,6
59703,2
59608,4
59390,2
59690,2
58713,2
59576,2
59688,2
58712,4
57745,2
58122,2
43877,2
59800,4
59445,4
59665,2
59936,8
58156,6
59872,2
57800,2
57684,2
58151,2
59361,2
15463,4
59347,2
58522,2
58152,2
57806,4
59885,2
59659,2
59693,2
57808,4
57807,2
58155,2
38775,4
59020,4
58994,4
57810,2
57741,6
59030,2
38782,2
57799,2
60051,6
58413,2
59991,4
58143,2
59738,2
58894,2
59992,4
58735,2
58410,2
58544,2
60107,6
59753,3
60109,2
59520,2
60102,4
60108,4
14560,4
57660,4
59172,2
60127,2
58419,2
59603,2
59781,2
59662,2
59751,2
60110,2
58485,2
54286,2
58411,2
58490,4
59072,2
59771,2
58252,4
58488,2
58254,2
54407,2
56880,2
58731,2
58251,2
56884,2
60207,4
58492,2
60209,2
59012,4
59009,4
60183,6
60058,8
59008,4
59843,3
30917,2
59010,2
58334,2
56886,2
55864,6
56889,2
60063,9
58161,2
60064,9
60065,9
58345,2
56891,2
58146,2
59657,2
60206,2
58369,2
60057,7
59571,2
59701,2
59930,4
59381,2
60205,2
58182,4
60075,3
58376,2
58121,2
57813,4
57851,2
58164,2
58171,4
59382,2
58869,2
57847,2
58162,2
57819,3
60099,2
57852,2
58977,2
59369,2
57849,4
58549,4
57826,6
57811,2
58172,3
28953,3
58183,2
60499,2
56887,2
57638,2
57818,2
57816,2
57822,2
57827,3
59385,2
58871,2
57812,6
58357,4
57798,2
57978,2
59518,2
58882,2
58373,2
60143,8
60472,4
16511,2
60317,6
60324,2
58163,2
58550,4
59446,4
58618,2
57814,2
59604,2
60142,6
58147,2
59479,6
60322,2
59477,4
60059,4
58621,2
60493,4
53424,2
58494,3
58496,4
59455,2
57687,2
57665,2
59464,2
38689,2
60355,2
59478,8
58267,4
58930,2
58551,2
58270,2
58872,2
58034,6
58257,2
60883,2
60223,6
57846,2
59017,2
60492,2
60095,4
58274,3
57792,2
59458,2
59887,2
52673,2
58307,2
60796,2
60790,2
60113,2
60792,2
60061,2
60596,2
59377,2
56785,2
60779,2
59367,2
60802,2
59454,2
60808,2
60803,2
60548,2
60830,2
59216,4
59457,2
60564,4
60083,4
60943,2
58620,2
59217,2
60090,3
60091,4
60544,7
57857,2
60500,2
60575,4
60829,4
59448,6
60913,1
58361,6
59700,2
60372,2
59396,2
59449,2
59495,4
57904,2
59686,6
60072,2
61025,2
60022,6
59500,2
59451,6
58619,2
59919,2
60759,2
56381,2
59918,4
59481,2
59447,6
58497,2
7155,2
59905,2
59695,2
60938,2
60828,2
59476,2
59890,6
59487,2
60044,2
60764,2
59904,2
61106,4
59697,6
59712,2
59486,2
59640,2
59644,6
59588,2
59601,2
60440,4
59692,2
58674,2
59643,6
61087,2
59704,2
60540,2
61103,8
59713,2
61086,2
60046,2
61111,2
57583,4
60439,6
57585,4
59977,2
61107,6
59646,2
61105,4
59946,4
59978,2
59982,2
60048,2
59961,2
61110,6
59957,2
59958,2
59813,2
59970,2
58308,2
59949,2
59942,2
56605,2
59985,2
60222,1
61104,2
59822,6
61095,6
60393,2
59685,2
60154,6
60448,2
59875,2
59980,2
59663,8
61008,2
60919,6
59670,2
61096,2
59666,2
60832,2
61108,2
60155,6
59667,6
59669,2
59821,2
59678,2
60296,2
59967,2
59733,2
59677,2
59680,4
59679,2
55535,4
60589,6
55537,6
55534,7
61223,2
55531,2
55536,6
55532,2
55533,4
55513,2
59488,2
60588,2
55516,2
59647,2
61323,2
59652,6
61317,2
61348,2
